Province,District,Municipality
Province 1,Bhojpur,Aamchowk Rural Municipality
Province 1,Bhojpur,Hatuwagadhi Rural Municipality
Province 1,Bhojpur,Ramprasad Rai Rural Municipality
Province 1,Bhojpur,Pauwa Dunma Rural Municipality
Province 1,Bhojpur,Arun Rural Municipality
Province 1,Bhojpur,Bhojpur Municipality
Province 1,Bhojpur,Tyamke Maiyum Rural Municipality
Province 1,Bhojpur,Salpa Silichho Rural Municipality
Province 1,Bhojpur,Shadananda Municipality
Province 1,Dhankuta,Chaubise Rural Municipality
Province 1,Dhankuta,Sangurigadhi Rural Municipality
Province 1,Dhankuta,Khalsa Chhintang Sahidbhumi
Province 1,Dhankuta,Dhankuta Municipality
Province 1,Dhankuta,Chhathar Jorpati Rural Municipality
Province 1,Dhankuta,Pakhribas Municipality
Province 1,Ilam,Rong Rural Municipality
Province 1,Ilam,Suryodaya Municipality
Province 1,Ilam,Mai Municipality
Province 1,Ilam,Chulachuli Rural Municipality
Province 1,Ilam,Mangsebung Rural Municipality
Province 1,Ilam,Fakfokathum Rural Municipality
Province 1,Ilam,Deumai Municipality
Province 1,Ilam,Mai Jogmai Rural Municipality
Province 1,Ilam,Ilam Municipality
Province 1,Ilam,Sandakpur Rural Municipality
Province 1,Jhapa,Kachanakawal Rural Municipality
Province 1,Jhapa,Bhadrapur Municipality
Province 1,Jhapa,Haldibari Rural Municipality
Province 1,Jhapa,Birtamod Municipality
Province 1,Jhapa,Barhadashi Rural Municipality
Province 1,Jhapa,Jhapa Rural Municipality
Province 1,Jhapa,Gauriganj Rural Municipality
Province 1,Jhapa,Gauradaha Municipality
Province 1,Jhapa,Damak Municipality
Province 1,Jhapa,Kamal Rural Municipality
Province 1,Jhapa,Shivasatakshi Municipality
Province 1,Jhapa,Kankai Municipality
Province 1,Jhapa,Arjundhara Municipality
Province 1,Jhapa,Buddhashanti Rural Municipality
Province 1,Jhapa,Mechinagar Municipality
Province 1,Khotang,Baraha Pokhari Rural Municipality
Province 1,Khotang,Jante Dhunga Rural Municipality
Province 1,Khotang,Khotehang Rural Municipality
Province 1,Khotang,Diprung Rural Municipality
Province 1,Khotang,Sakela Rural Municipality
Province 1,Khotang,Rupakot Majhuwagadhi Municipality
Province 1,Khotang,Halesi Tuwachung Municipality
Province 1,Khotang,Lamidanda Rural Municipality
Province 1,Khotang,Aiselukharka Rural Municipality
Province 1,Khotang,Kepilasgadhi Rural Municipality
Province 1,Morang,Jahada Rural Municipality
Province 1,Morang,Dhanapalthan Rural Municipality
Province 1,Morang,Katahari Rural Municipality
Province 1,Morang,Biratnagar Metropolitian City
Province 1,Morang,Budhiganga Rural Municipality
Province 1,Morang,Gramthan Rural Municipality
Province 1,Morang,Rangeli Municipality
Province 1,Morang,Sunwarshi Municipality
Province 1,Morang,Ratuwamai Municipality
Province 1,Morang,Urlabari Municipality
Province 1,Morang,Pathari Shanishchare Municipality
Province 1,Morang,Kanepokhari Rural Municipality
Province 1,Morang,Belbari Municipality
Province 1,Morang,Sundarharaicha Municipality
Province 1,Morang,Kerabari Rural Municipality
Province 1,Morang,Letang Municipality
Province 1,Morang,Miklajung Rural Municipality
Province 1,Okhaldhunga,Manebhanjyang Rural Municipality
Province 1,Okhaldhunga,Champadevi Rural Municipality
Province 1,Okhaldhunga,Khiji Demba Rural
Province 1,Okhaldhunga,Molung Rural Municipality
Province 1,Okhaldhunga,Siddhicharan Municipality
Province 1,Okhaldhunga,Chishankhu Gadhi Rural Municipality
Province 1,Panchthar,Tumbewa Rural Municipality
Province 1,Panchthar,Kummayak Rural Municipality
Province 1,Panchthar,Falgunanda Rural Municipality
Province 1,Panchthar,Phidim Municipality
Province 1,Panchthar,Falelung Rural Municipality
Province 1,Panchthar,Yangbarak Rural Municipality
Province 1,Panchthar,Hilihan Rural Municipality
Province 1,Sankhuwasabha,Dharmadevi Municipality
Province 1,Sankhuwasabha,Chainapur Municipality
Province 1,Sankhuwasabha,Panchakhapan Municipality
Province 1,Sankhuwasabha,Khandabari Municipality
Province 1,Sankhuwasabha,Sabhapokhari Rural Municipality
Province 1,Sankhuwasabha,Chichila Rural Municipality
Province 1,Sankhuwasabha,Silichong Rural Municipality
Province 1,Sankhuwasabha,Makalu Rural Municipality
Province 1,Sankhuwasabha,Bhotkhola Rural Municipality
Province 1,Solukhumbu,Likhu Pike Rural Municipality
Province 1,Solukhumbu,Solu Dhudhakunda Municipality
Province 1,Solukhumbu,Necha Salyan Rural Municipality
Province 1,Solukhumbu,Dhudha Koushika Rural Municipality
Province 1,Solukhumbu,Dhudhakoshi Rural Municipality
Province 1,Solukhumbu,Sotang Rural Municipality
Province 1,Solukhumbu,Mahakulung Rural Municipality
Province 1,Solukhumbu,Khumbu Pasanglhamu Rural Municipality
Province 1,Sunsari,Barju Rural Municipality
Province 1,Sunsari,Dewangunj Rural Municipality
Province 1,Sunsari,Harinagara Rural Municipality
Province 1,Sunsari,Inaruwa Municipality
Province 1,Sunsari,Gadhi Rural Municipality
Province 1,Sunsari,Duhabi Municipality
Province 1,Sunsari,Itahari Sub-Metropolitian City
Province 1,Sunsari,Ramdhuni Municipality
Province 1,Sunsari,Bhokraha Rural Municipality
Province 1,Sunsari,Koshi Rural Municipality
Province 1,Sunsari,Baraha Municipality
Province 1,Sunsari,Dharan Sub-Metropolitian City
Province 1,Taplejung,Sidingba Rural Municipality
Province 1,Taplejung,Sirijanga Rural Municipality
Province 1,Taplejung,Yangwarak Rural Municipality
Province 1,Taplejung,Phungling Municipality
Province 1,Taplejung,Aatharai Tribeni Rural Municipality
Province 1,Taplejung,Maiwakhola Rural Municipality
Province 1,Taplejung,Meringden Rural Municipality
Province 1,Taplejung,Mikwakhola Rural Municipality
Province 1,Taplejung,Phaktanlung Rural Municipality
Province 1,Terhathum,Chhathar Rural Municipality
Province 1,Terhathum,Laligurans Municipality
Province 1,Terhathum,Myanglung Municipality
Province 1,Terhathum,Menchhayayem Rural Municipality
Province 1,Terhathum,Aatharai Rural Municipality
Province 1,Terhathum,Phedap Rural Municipality
Province 1,Udayapur,Udayapurgadhi Rural Municipality
Province 1,Udayapur,Katari Municipality
Province 1,Udayapur,Tapli Rural Municipality
Province 1,Udayapur,Rautamai Rural Municipality
Province 1,Udayapur,Triyuga Municipality
Province 1,Udayapur,Chaudandigadhi Municipality
Province 1,Udayapur,Belaka Municipality
Madhesh Pradesh,Bara,Subarna Rural Municipality
Madhesh Pradesh,Bara,Devtal Rural Municipality
Madhesh Pradesh,Bara,Mahagadhimai Municipality
Madhesh Pradesh,Bara,Pacharauta Municipality
Madhesh Pradesh,Bara,Simroungadh Municipality
Madhesh Pradesh,Bara,Aadarsha Kotwal Rural
Madhesh Pradesh,Bara,Baragadhi Rural Municipality
Madhesh Pradesh,Bara,Karaiyamai Rural Municipality
Madhesh Pradesh,Bara,Kalaiya Sub-Metropolitian City
Madhesh Pradesh,Bara,Pheta Rural Municipality
Madhesh Pradesh,Bara,Bishrampur Rural Municipality
Madhesh Pradesh,Bara,Prasauni Rural Municipality
Madhesh Pradesh,Bara,Parawanipur Rural Municipality
Madhesh Pradesh,Bara,Jitpur Simara Sub
Madhesh Pradesh,Bara,Kolhabi Municipality
Madhesh Pradesh,Bara,Nijagadh Municipality
Madhesh Pradesh,Dhanusa,Mukhiyapatti Musaharmiya Rural Municipality
Madhesh Pradesh,Dhanusa,Nagarain Municipality
Madhesh Pradesh,Dhanusa,Dhanauji Rural Municipality
Madhesh Pradesh,Dhanusa,Janakpur Sub-Metropolitian City
Madhesh Pradesh,Dhanusa,Bideha Municipality
Madhesh Pradesh,Dhanusa,Janak Nandini Rural Municipality
Madhesh Pradesh,Dhanusa,Kamala Municipality
Madhesh Pradesh,Dhanusa,Shahidnagar Municipality
Madhesh Pradesh,Dhanusa,Sabaila Municipality
Madhesh Pradesh,Dhanusa,Hansapur Municipality
Madhesh Pradesh,Dhanusa,Mithila Bihari Municipality
Madhesh Pradesh,Dhanusa,Laxminiya Rural Municipality
Madhesh Pradesh,Dhanusa,Chhireshwornath Municipality
Madhesh Pradesh,Dhanusa,Bateshwor Rural Municipality
Madhesh Pradesh,Dhanusa,Mithila Municipality
Madhesh Pradesh,Dhanusa,Dhanushadham Municipality
Madhesh Pradesh,Dhanusa,Ganeshman Charnath Municipality
Madhesh Pradesh,Mahottari,Jaleshwor Municipality
Madhesh Pradesh,Mahottari,Matihani Municipality
Madhesh Pradesh,Mahottari,Pipara Rural Municipality
Madhesh Pradesh,Mahottari,Mahottari Rural Municipality
Madhesh Pradesh,Mahottari,Ekadara Rural Municipality
Madhesh Pradesh,Mahottari,Manara Shisawa Municipality
Madhesh Pradesh,Mahottari,Samsi Rural Municipality
Madhesh Pradesh,Mahottari,Ram Gopalpur Municipality
Madhesh Pradesh,Mahottari,Balawa Municipality
Madhesh Pradesh,Mahottari,Loharpatti Municipality
Madhesh Pradesh,Mahottari,Bhangaha Municipality
Madhesh Pradesh,Mahottari,Aurahi Municipality
Madhesh Pradesh,Mahottari,Sonama Rural Municipality
Madhesh Pradesh,Mahottari,Gaushala Municipality
Madhesh Pradesh,Mahottari,Bardibas Municipality
Madhesh Pradesh,Parsa,Bindabasini Rural Municipality
Madhesh Pradesh,Parsa,Pakaha Mainpur Rural Municipality
Madhesh Pradesh,Parsa,Chhipaharmai Rural Municipality
Madhesh Pradesh,Parsa,Dhobini Rural Municipality
Madhesh Pradesh,Parsa,Kalikamai Rural Municipality
Madhesh Pradesh,Parsa,Pokhariya Municipality
Madhesh Pradesh,Parsa,Bahudarmai Municipality
Madhesh Pradesh,Parsa,Birgunj Metropolitian City
Madhesh Pradesh,Parsa,Parsagadhi Municipality
Madhesh Pradesh,Parsa,Sakhuwa Prasauni Rural Municipality
Madhesh Pradesh,Parsa,Paterwa Sugauli Rural Municipality
Madhesh Pradesh,Parsa,Jagarnathpur Rural Municipality
Madhesh Pradesh,Parsa,Jirabhawani Rural Municipality
Madhesh Pradesh,Parsa,Thori Rural Municipality
Madhesh Pradesh,Rautahat,Ishanath Municipality
Madhesh Pradesh,Rautahat,Gaur Municipality
Madhesh Pradesh,Rautahat,Rajdevi Municipality
Madhesh Pradesh,Rautahat,Durga Bhagawati Rural Municipality
Madhesh Pradesh,Rautahat,Yamunamai Rural Municipality
Madhesh Pradesh,Rautahat,Rajpur Municipality
Madhesh Pradesh,Rautahat,Paroha Municipality
Madhesh Pradesh,Rautahat,Boudhimai Municipality
Madhesh Pradesh,Rautahat,Maulapur Municipality
Madhesh Pradesh,Rautahat,Dewahi Gonahi Municipality
Madhesh Pradesh,Rautahat,Garuda Municipality
Madhesh Pradesh,Rautahat,Madhav Narayan Municipality
Madhesh Pradesh,Rautahat,Gadhimai Municipality
Madhesh Pradesh,Rautahat,Brindaban Municipality
Madhesh Pradesh,Rautahat,Katahariya Municipality
Madhesh Pradesh,Rautahat,Phatuwa Bijayapur Municipality
Madhesh Pradesh,Rautahat,Gujara Municipality
Madhesh Pradesh,Rautahat,Chandrapur Municipality
Madhesh Pradesh,Saptari,Chhinnamasta Rural Municipality
Madhesh Pradesh,Saptari,Tilathi Koiladi Rural Municipality
Madhesh Pradesh,Saptari,Hanumannagar Kankalini Municipality
Madhesh Pradesh,Saptari,Tirahut Rural Municipality
Madhesh Pradesh,Saptari,Mahadewa Rural Municipality
Madhesh Pradesh,Saptari,Rajbiraj Municipality
Madhesh Pradesh,Saptari,Bishnupur Rural Municipality
Madhesh Pradesh,Saptari,Belhi Chapena Rural Municipality
Madhesh Pradesh,Saptari,Dakneshwori Municipality
Madhesh Pradesh,Saptari,BodeBarsain Municipality
Madhesh Pradesh,Saptari,Balan-Bihul Rural Municipality
Madhesh Pradesh,Saptari,Surunga Municipality
Madhesh Pradesh,Saptari,Khadak Municipality
Madhesh Pradesh,Saptari,Shambhunath Municipality
Madhesh Pradesh,Saptari,Rupani Rural Municipality
Madhesh Pradesh,Saptari,Agnisair Krishna Sabaran
Madhesh Pradesh,Saptari,Kanchanrup Municipality
Madhesh Pradesh,Saptari,Saptakoshi Municipality
Madhesh Pradesh,Sarlahi,Malangawa Municipality
Madhesh Pradesh,Sarlahi,Kaudena Rural Municipality
Madhesh Pradesh,Sarlahi,Bishnu Rural Municipality
Madhesh Pradesh,Sarlahi,Godaita Municipality
Madhesh Pradesh,Sarlahi,Balara Municipality
Madhesh Pradesh,Sarlahi,Ramnagar Rural Municipality
Madhesh Pradesh,Sarlahi,Dhanakaul Rural Municipality
Madhesh Pradesh,Sarlahi,Basbariya Rural Municipality
Madhesh Pradesh,Sarlahi,Chakraghatta Rural Municipality
Madhesh Pradesh,Sarlahi,Kabilashi Municipality
Madhesh Pradesh,Sarlahi,Chandranagar Rural Municipality
Madhesh Pradesh,Sarlahi,Brahmapuri Rural Municipality
Madhesh Pradesh,Sarlahi,Parsa Rural Municipality
Madhesh Pradesh,Sarlahi,Haripurwa Municipality
Madhesh Pradesh,Sarlahi,Ishworpur Municipality
Madhesh Pradesh,Sarlahi,Haripur Municipality
Madhesh Pradesh,Sarlahi,Barahathawa Municipality
Madhesh Pradesh,Sarlahi,Bagmati Municipality
Madhesh Pradesh,Sarlahi,Hariwan Municipality
Madhesh Pradesh,Sarlahi,Lalbandi Municipality
Madhesh Pradesh,Siraha,Siraha Municipality
Madhesh Pradesh,Siraha,Aurahi Rural Municipality
Madhesh Pradesh,Siraha,Bariyarpatti Rural Municipality
Madhesh Pradesh,Siraha,Nawarajpur Rural Municipality
Madhesh Pradesh,Siraha,Bhagawanpur Rural Municipality
Madhesh Pradesh,Siraha,Sakhuwa Nankarkatti Rural
Madhesh Pradesh,Siraha,Laxmipur Patari Rural
Madhesh Pradesh,Siraha,Sukhipur Municipality
Madhesh Pradesh,Siraha,Arnama Rural Municipality
Madhesh Pradesh,Siraha,Naraha Rural Municipality
Madhesh Pradesh,Siraha,Kalyanpur Municipality
Madhesh Pradesh,Siraha,Karjanha Municipality
Madhesh Pradesh,Siraha,Mirchaiya Municipality
Madhesh Pradesh,Siraha,Golbazar Municipality
Madhesh Pradesh,Siraha,Dhangadhimai Municipality
Madhesh Pradesh,Siraha,Lahan Municipality
Bagmati Pradesh,Bhaktapur ,Suryabinayak Municipality
Bagmati Pradesh,Bhaktapur ,Madhyapur Thimi Municipality
Bagmati Pradesh,Bhaktapur ,Bhaktapur Municipality
Bagmati Pradesh,Bhaktapur ,Changunarayan Municipality
Bagmati Pradesh,Chitwan,Madi Municipality
Bagmati Pradesh,Chitwan,Khairahani Municipality
Bagmati Pradesh,Chitwan,Ratnanagar Municipality
Bagmati Pradesh,Chitwan,Bharatpur Metropolitian City
Bagmati Pradesh,Chitwan,Ichchha Kamana Rural Municipality
Bagmati Pradesh,Chitwan,Kalika Municipality
Bagmati Pradesh,Chitwan,Rapti Municipality
Bagmati Pradesh,Dhading,Dhunibenshi Municipality
Bagmati Pradesh,Dhading,Thakre Rural Municipality
Bagmati Pradesh,Dhading,Galchhi Rural Municipality
Bagmati Pradesh,Dhading,Gajuri Rural Municipality
Bagmati Pradesh,Dhading,Benighat Rorang Rural Municipality
Bagmati Pradesh,Dhading,Siddhalek Rural Municipality
Bagmati Pradesh,Dhading,Jwalamukhi Rural Municipality
Bagmati Pradesh,Dhading,Nilkhantha Municipality
Bagmati Pradesh,Dhading,Netrawati Rural Municipality
Bagmati Pradesh,Dhading,Tripurasundari Rural Municipality
Bagmati Pradesh,Dhading,Ganga Jamuna Rural Municipality
Bagmati Pradesh,Dhading,Khaniyabas Rural Municipality
Bagmati Pradesh,Dhading,Rubi Valley Rural Municipality
Bagmati Pradesh,Dolakha,Bhimeshwor Municipality
Bagmati Pradesh,Dolakha,Shailung Rural Municipality
Bagmati Pradesh,Dolakha,Melung Rural Municipality
Bagmati Pradesh,Dolakha,Tamakoshi Rural Municipality
Bagmati Pradesh,Dolakha,Jiri Municipality
Bagmati Pradesh,Dolakha,Baitedhar Rural Municipality
Bagmati Pradesh,Dolakha,Kalinchowk Rural Municipality
Bagmati Pradesh,Dolakha,Bigu Rural Municipality
Bagmati Pradesh,Dolakha,Gaurishankar Rural Municipality
Bagmati Pradesh,Kathmandu,Dakshinkali Municipality
Bagmati Pradesh,Kathmandu,Chandragiri Municipality
Bagmati Pradesh,Kathmandu,Kirtipur Municipality
Bagmati Pradesh,Kathmandu,Kathmandu Metropolitian City
Bagmati Pradesh,Kathmandu,Nagarjun Municipality
Bagmati Pradesh,Kathmandu,Tarakeshwor Municipality
Bagmati Pradesh,Kathmandu,Tokha Municipality
Bagmati Pradesh,Kathmandu,Budhanilkhantha Municipality
Bagmati Pradesh,Kathmandu,Gokarneshwor Municipality
Bagmati Pradesh,Kathmandu,Kageshwori Manahara Municipality
Bagmati Pradesh,Kathmandu,Shankharapur Municipality
Bagmati Pradesh,Kavrepalanchok,Khanikhola Rural Municipality
Bagmati Pradesh,Kavrepalanchok,Mahabharat Rural Municipality
Bagmati Pradesh,Kavrepalanchok,Roshi Rural Municipality
Bagmati Pradesh,Kavrepalanchok,Bethanchowk Rural Municipality
Bagmati Pradesh,Kavrepalanchok,Panauti Municipality
Bagmati Pradesh,Kavrepalanchok,Namobuddha Municipality
Bagmati Pradesh,Kavrepalanchok,Temal Rural Municipality
Bagmati Pradesh,Kavrepalanchok,Panchkhal Municipality
Bagmati Pradesh,Kavrepalanchok,Dhulikhel Municipality
Bagmati Pradesh,Kavrepalanchok,Banepa Municipality
Bagmati Pradesh,Kavrepalanchok,Mandan Deupur Municipality
Bagmati Pradesh,Kavrepalanchok,Bhumlu Rural Municipality
Bagmati Pradesh,Kavrepalanchok,Chauri Deurali Rural Municipality
Bagmati Pradesh,Lalitpur,Bagmati Rural Municipality
Bagmati Pradesh,Lalitpur,Mahankal Rural Municipality
Bagmati Pradesh,Lalitpur,Konjyosom Rural Municipality
Bagmati Pradesh,Lalitpur,Godawari Municipality
Bagmati Pradesh,Lalitpur,Lalitpur Metropolitian City
Bagmati Pradesh,Lalitpur,Mahalaxmi Municipality
Bagmati Pradesh,Makawanpur,Bakaiya Rural Municipality
Bagmati Pradesh,Makawanpur,Makawanpurgadhi Rural Municipality
Bagmati Pradesh,Makawanpur,Bhimphedi Rural Municipality
Bagmati Pradesh,Makawanpur,Hetauda Sub-Metropolitian City
Bagmati Pradesh,Makawanpur,Manahari Rural Municipality
Bagmati Pradesh,Makawanpur,Raksirang Rural Municipality
Bagmati Pradesh,Makawanpur,Kailash Rural Municipality
Bagmati Pradesh,Makawanpur,Thaha Municipality
Bagmati Pradesh,Makawanpur,Indrasarowar Rural Municipality
Bagmati Pradesh,Nuwakot,Kakani Rural Municipality
Bagmati Pradesh,Nuwakot,Shivapuri Rural Municipality
Bagmati Pradesh,Nuwakot,Panchakanya Rural Municipality
Bagmati Pradesh,Nuwakot,Likhu Rural Municipality
Bagmati Pradesh,Nuwakot,Belkotgadhi Municipality
Bagmati Pradesh,Nuwakot,Tarakeshwor Rural Municipality
Bagmati Pradesh,Nuwakot,Meghang Rural Municipality
Bagmati Pradesh,Nuwakot,Kispang Rural Municipality
Bagmati Pradesh,Nuwakot,Bidur Municipality
Bagmati Pradesh,Nuwakot,Suryagadhi Rural Municipality
Bagmati Pradesh,Nuwakot,Tadi Rural Municipality
Bagmati Pradesh,Nuwakot,Dupcheshwor Rural Municipality
Bagmati Pradesh,Ramechhap,Sunapati Rural Municipality 
Bagmati Pradesh,Ramechhap,Doramba Rural Municipality 
Bagmati Pradesh,Ramechhap,Khandadevi Rural Municipality 
Bagmati Pradesh,Ramechhap,Manthali  Municipality
Bagmati Pradesh,Ramechhap,Ramechhap Municipality
Bagmati Pradesh,Ramechhap,Gokulganga Rural Municipality 
Bagmati Pradesh,Ramechhap,Umakunda Rural Municipality 
Bagmati Pradesh,Rasuwa,Naukunda Rural Municipality
Bagmati Pradesh,Rasuwa,Kalika Rural Municipality
Bagmati Pradesh,Rasuwa,Uttargaya Rural Municipality
Bagmati Pradesh,Rasuwa,Parbatikunda Rural Municipality
Bagmati Pradesh,Rasuwa,Gosaikunda Rural Municipality
Bagmati Pradesh,Sindhuli,Hariharpurgaghi Rural Municipality
Bagmati Pradesh,Sindhuli,Marin Rural Municipality
Bagmati Pradesh,Sindhuli,Ghyanglekha Rural Municipality
Bagmati Pradesh,Sindhuli,Sunkoshi Rural Municipality
Bagmati Pradesh,Sindhuli,Kamalamai Municipality
Bagmati Pradesh,Sindhuli,Golanjor Rural Municipality
Bagmati Pradesh,Sindhuli,Tinpatan Rural Municipality
Bagmati Pradesh,Sindhuli,Phikkal Rural Municipality
Bagmati Pradesh,Sindhuli,Dudhouli Municipality
Bagmati Pradesh,Sindhupalchok,Lisankhu Pakhar Rural Municipality
Bagmati Pradesh,Sindhupalchok,Bahrabise Municipality
Bagmati Pradesh,Sindhupalchok,Balephi Rural Municipality
Bagmati Pradesh,Sindhupalchok,Choutara Sangachowkgadhi Municipality
Bagmati Pradesh,Sindhupalchok,Indrawoti Rural Municipality
Bagmati Pradesh,Sindhupalchok,Melanchi Municipality
Bagmati Pradesh,Sindhupalchok,Helambu Rural Municipality
Bagmati Pradesh,Sindhupalchok,Panchpokhari Thangpal Rural Municipality
Bagmati Pradesh,Sindhupalchok,Jugal Rural Municipality
Bagmati Pradesh,Sindhupalchok,Bhotekoshi Rural Municipality
Gandaki Pradesh,Baglung,Jaimuni Municipality
Gandaki Pradesh,Baglung,Bareng Rural Municipality
Gandaki Pradesh,Baglung,Galkot Municipality
Gandaki Pradesh,Baglung,Badigad Rural Municipality
Gandaki Pradesh,Baglung,Nisikhola Rural Municipality
Gandaki Pradesh,Baglung,Dhorpatan Municipality
Gandaki Pradesh,Baglung,Tamankhola Rural Municipality
Gandaki Pradesh,Baglung,Tarakhola Rural Municipality
Gandaki Pradesh,Baglung,Kathekhola Rural Municipality
Gandaki Pradesh,Baglung,Baglung Municipality
Gandaki Pradesh,Gorkha,Gandaki Rural Municipality
Gandaki Pradesh,Gorkha,Shahid Lakhan Rural Municipality
Gandaki Pradesh,Gorkha,Gorkha Municipality
Gandaki Pradesh,Gorkha,Palungtar Municipality
Gandaki Pradesh,Gorkha,Siranchowk Rural Municipality
Gandaki Pradesh,Gorkha,Bhimsen Rural Municipality
Gandaki Pradesh,Gorkha,Aarughat Rural Municipality
Gandaki Pradesh,Gorkha,Dharche Rural Municipality
Gandaki Pradesh,Gorkha,Sulikot Rural Municipality
Gandaki Pradesh,Gorkha,Ajirkot Rural Municipality
Gandaki Pradesh,Gorkha,Chumanubri Rural Municipality
Gandaki Pradesh,Kaski,Rupa Rural Municipality
Gandaki Pradesh,Kaski,Pokhara Lekhnath Metropolitian
Gandaki Pradesh,Kaski,Annapurna Rural Municipality
Gandaki Pradesh,Kaski,Machhapuchchhre Rural Municipality
Gandaki Pradesh,Kaski,Madi Rural Municipality
Gandaki Pradesh,Lamjung,Dudhapokhari Rural Municipality
Gandaki Pradesh,Lamjung,Rainas Municipality
Gandaki Pradesh,Lamjung,Sundarbazar Municipality
Gandaki Pradesh,Lamjung,Bensi Shahar Municipality
Gandaki Pradesh,Lamjung,Madhya Nepal Municipality
Gandaki Pradesh,Lamjung,Kwhola Sothar Rural Municipality
Gandaki Pradesh,Lamjung,Marshyangdi Rural Municipality
Gandaki Pradesh,Lamjung,Dordi Rural Municipality
Gandaki Pradesh,Manang,Nashong Rural Municipality
Gandaki Pradesh,Manang,Chame Rural Municipality
Gandaki Pradesh,Manang,Neshang Rural Municipality
Gandaki Pradesh,Manang,Naraphu Rural Municipality
Gandaki Pradesh,Mustang,Thasang Rural Municipality
Gandaki Pradesh,Mustang,Lomanthang Rural Municipality
Gandaki Pradesh,Mustang,Bahragaun Muktikshetra Rural Municipality
Gandaki Pradesh,Mustang,Gharpajhong Rural Municipality
Gandaki Pradesh,Mustang,Dalome Rural Municipality
Gandaki Pradesh,Myagdi,Beni Municipality
Gandaki Pradesh,Myagdi,Mangala Rural Municipality
Gandaki Pradesh,Myagdi,Malika Rural Municipality
Gandaki Pradesh,Myagdi,Dhawalagiri Rural Municipality
Gandaki Pradesh,Myagdi,Raghuganga Rural Municipality
Gandaki Pradesh,Nawalparasi East,Binayi Tribeni Rural Municipality
Gandaki Pradesh,Nawalparasi East,Madhya Bindu Municipality
Gandaki Pradesh,Nawalparasi East,Kawasoti Municipality
Gandaki Pradesh,Nawalparasi East,Devchuli Municipality
Gandaki Pradesh,Nawalparasi East,Hupsekot Rural Municipality
Gandaki Pradesh,Nawalparasi East,Bungdikali Rural Municipality
Gandaki Pradesh,Nawalparasi East,Bulingtar Rural Municipality
Gandaki Pradesh,Nawalparasi East,Gaidakot Municipality
Gandaki Pradesh,Parbat,Paiyu Rural Municipality
Gandaki Pradesh,Parbat,Bihadi Rural Municipality
Gandaki Pradesh,Parbat,Mahashila Rural Municipality
Gandaki Pradesh,Parbat,Phalebas Municipality
Gandaki Pradesh,Parbat,Kushma Municipality
Gandaki Pradesh,Parbat,Jaljala Rural Municipality
Gandaki Pradesh,Parbat,Modi Rural Municipality
Gandaki Pradesh,Syangja,Kaligandaki Rural Municipality
Gandaki Pradesh,Syangja,Galyang Municipality
Gandaki Pradesh,Syangja,Walling Municipality
Gandaki Pradesh,Syangja,Chapakot Municipality
Gandaki Pradesh,Syangja,Harinas Rural Municipality
Gandaki Pradesh,Syangja,Biruwa Rural Municipality
Gandaki Pradesh,Syangja,Bhirkot Municipaity
Gandaki Pradesh,Syangja,Arjun Choupari Rural Municipality
Gandaki Pradesh,Syangja,Aandhikhola Rural Municipality
Gandaki Pradesh,Syangja,Phedikhola Rural Municipality
Gandaki Pradesh,Syangja,Putalibazar Municipality
Gandaki Pradesh,Tanahu District,Aanbu Khaireni Rural Municipality
Gandaki Pradesh,Tanahu District,Bandipur Rural Municipality
Gandaki Pradesh,Tanahu District,Devghat Rural Municipality
Gandaki Pradesh,Tanahu District,Rhishing Rural Municipality
Gandaki Pradesh,Tanahu District,Ghiring Rural Municipality
Gandaki Pradesh,Tanahu District,Bhimad Municipality
Gandaki Pradesh,Tanahu District,Shuklagandaki Municipality
Gandaki Pradesh,Tanahu District,Myagde Rural Municipality
Gandaki Pradesh,Tanahu District,Byas Municipality
Gandaki Pradesh,Tanahu District,Bhanu Municipality
Lumbini Pradesh,Arghakhanchi,Shitaganga Municipality
Lumbini Pradesh,Arghakhanchi,Panini Rural Municipality
Lumbini Pradesh,Arghakhanchi,Sandhikharka Municipality
Lumbini Pradesh,Arghakhanchi,Bhumikasthan Municipality
Lumbini Pradesh,Arghakhanchi,Malarani Rural Municipality
Lumbini Pradesh,Arghakhanchi,Chhatradev Rural Municipality
Lumbini Pradesh,Banke,Narainapur Rural Municipality
Lumbini Pradesh,Banke,Duduwa Rural Municipality
Lumbini Pradesh,Banke,Nepalganj Sub
Lumbini Pradesh,Banke,Khajura Rural Municipality
Lumbini Pradesh,Banke,Baijanath Rural Municipality
Lumbini Pradesh,Banke,Kohalpur Municipality
Lumbini Pradesh,Banke,Rapti Sonari Rural Municipality
Lumbini Pradesh,Bardiya,Badhaiyatal Rural Municipality
Lumbini Pradesh,Bardiya,Gulariya Municipality
Lumbini Pradesh,Bardiya,Madhuwan Municipality
Lumbini Pradesh,Bardiya,Rajapur Municipality
Lumbini Pradesh,Bardiya,Geruwa Rural Municipality
Lumbini Pradesh,Bardiya,Thakurbaba Municipality
Lumbini Pradesh,Bardiya,Barbardiya Municipality
Lumbini Pradesh,Bardiya,Bansgadhi Municipality
Lumbini Pradesh,Dang,Rajpur Rural Municipality
Lumbini Pradesh,Dang,Gadhawa Rural Municipality
Lumbini Pradesh,Dang,Rapti Rural Municipality
Lumbini Pradesh,Dang,Lamahi Municipality
Lumbini Pradesh,Dang,Dangisharan Rural Municipality
Lumbini Pradesh,Dang,Babai Rural Municipality
Lumbini Pradesh,Dang,Shantinagar Rural Municipality
Lumbini Pradesh,Dang,Tulsipur Sub-Metropolitian City
Lumbini Pradesh,Dang,Ghorahi Sub-Metropolitian City
Lumbini Pradesh,Dang,Bangalachuli Rural Municipality
Lumbini Pradesh,Gulmi,Ruru Rural Municipality
Lumbini Pradesh,Gulmi,Chhatrakot Rural Municipality
Lumbini Pradesh,Gulmi,Gulmi Durbar Gaunpaika
Lumbini Pradesh,Gulmi,Resunga Municipality
Lumbini Pradesh,Gulmi,Dhurkot Rural Municipality
Lumbini Pradesh,Gulmi,Madane Rural Municipality
Lumbini Pradesh,Gulmi,Isma Rural Municipality
Lumbini Pradesh,Gulmi,Chandrakot Rural Municipality
Lumbini Pradesh,Gulmi,Satyawoti Rural Municipality
Lumbini Pradesh,Gulmi,Kali Gandaki Rural Municipality
Lumbini Pradesh,Kapilvastu,Shuddhodhan Rural Municipality
Lumbini Pradesh,Kapilvastu,Yasodhara Rural Municipality
Lumbini Pradesh,Kapilvastu,Kapilbastu Municipality
Lumbini Pradesh,Kapilvastu,Maharajganj Municipality
Lumbini Pradesh,Kapilvastu,Krishnanagar Municipality
Lumbini Pradesh,Kapilvastu,Bijayanagar Rural Municipality
Lumbini Pradesh,Kapilvastu,Shivaraj Municipality
Lumbini Pradesh,Kapilvastu,Buddhabhumi Municipality
Lumbini Pradesh,Kapilvastu,Banganga Municipality
Lumbini Pradesh,Nawalparasi West,Susta Rural Municipality
Lumbini Pradesh,Nawalparasi West,Pratapapur Rural Municipality
Lumbini Pradesh,Nawalparasi West,Sarawal Rural Municipality
Lumbini Pradesh,Nawalparasi West,Palhinandan Rural Municipality
Lumbini Pradesh,Nawalparasi West,Ramgram Municipality
Lumbini Pradesh,Nawalparasi West,Sunawal Municipality
Lumbini Pradesh,Nawalparasi West,Bardaghat Municipality
Lumbini Pradesh,Palpa,Nisdi Rural Municipality
Lumbini Pradesh,Palpa,Mathagadhi Rural Municipality
Lumbini Pradesh,Palpa,Tinau Rural Municipality
Lumbini Pradesh,Palpa,Rainadevi Chhahara Rural Municipality
Lumbini Pradesh,Palpa,Ribdikot Rural Municipality
Lumbini Pradesh,Palpa,Tansen Municipality
Lumbini Pradesh,Palpa,Baganaskali Rural Municipality
Lumbini Pradesh,Palpa,Rambha Rural Municipality
Lumbini Pradesh,Palpa,Purbakhola Rural Municipality
Lumbini Pradesh,Palpa,Rampur Municipality
Lumbini Pradesh,Pyuthan,Sarumarani Rural Municipality
Lumbini Pradesh,Pyuthan,Aairawati Rural Municipality
Lumbini Pradesh,Pyuthan,Mallarani Rural Municipality
Lumbini Pradesh,Pyuthan,Mandavi Rural Municipality
Lumbini Pradesh,Pyuthan,Sworgadwari Municipality
Lumbini Pradesh,Pyuthan,Pyuthan Municipality
Lumbini Pradesh,Pyuthan,Jhimaruk Rural Municipality
Lumbini Pradesh,Pyuthan,Naubahini Rural Municipality
Lumbini Pradesh,Pyuthan,Gaumukhi Rural Municipality
Lumbini Pradesh,Rolpa,Lungri Rural Municipality
Lumbini Pradesh,Rolpa,Subarnabati Rural Municipality
Lumbini Pradesh,Rolpa,Runtigadhi Rural Municipality
Lumbini Pradesh,Rolpa,Rolpa Municipality
Lumbini Pradesh,Rolpa,Sukidaha Rural Municipality
Lumbini Pradesh,Rolpa,Duikholi Rural Municipality
Lumbini Pradesh,Rolpa,Thawang Rural Municipality
Lumbini Pradesh,Rolpa,Sunchhahari Rural Municipality
Lumbini Pradesh,Rukum East,Bhoome Rural Municipality
Lumbini Pradesh,Rukum East,Sisne Rural Municipality
Lumbini Pradesh,Rukum East,Putha Uttanganga Rural Municipality
Lumbini Pradesh,Rupandehi,Marchawari Rural Municipality
Lumbini Pradesh,Rupandehi,Sammarimai Rural Municipality
Lumbini Pradesh,Rupandehi,Kotahimai Rural Municipality
Lumbini Pradesh,Rupandehi,Lumbini Sanskritik Municipality
Lumbini Pradesh,Rupandehi,Mayadevi Rural Municipality
Lumbini Pradesh,Rupandehi,Siddharthanagar Municipality
Lumbini Pradesh,Rupandehi,Rohini Rural Municipality
Lumbini Pradesh,Rupandehi,Om Satiya Rural Municipality
Lumbini Pradesh,Rupandehi,Tilottama Municipality
Lumbini Pradesh,Rupandehi,Siyari Rural Municipality
Lumbini Pradesh,Rupandehi,Suddhodhan Rural Municipality
Lumbini Pradesh,Rupandehi,Gaidahawa Rural Municipality
Lumbini Pradesh,Rupandehi,Kanchan Rural Municipality
Lumbini Pradesh,Rupandehi,Sainamaina Municipality
Lumbini Pradesh,Rupandehi,Butwal Sub-Metropolitian City
Lumbini Pradesh,Rupandehi,Devdaha Municipality
Karnali,Dailekh District,Gurans Rural Municipality
Karnali,Dailekh District,Dungeshwor Rural Municipality
Karnali,Dailekh District,Bhagawatimai Rural Municipality
Karnali,Dailekh District,Narayan Municipality
Karnali,Dailekh District,Dullu Municipality
Karnali,Dailekh District,Chamunda Bindrasaini Municipality
Karnali,Dailekh District,Aathbis Municipality
Karnali,Dailekh District,Thantikandh Rural Municipality
Karnali,Dailekh District,Bhairabi Rural Municipality
Karnali,Dailekh District,Mahabu Rural Municipality
Karnali,Dailekh District,Naumule Rural Municipality
Karnali,Dolpa District,Chharka Tangsong Rural Municipality
Karnali,Dolpa District,Kaike Rural Municipality
Karnali,Dolpa District,Thulibheri Municipality
Karnali,Dolpa District,Tripurasundari Municipality
Karnali,Dolpa District,Mudkechula Rural Municipality
Karnali,Dolpa District,Jagadulla Rural Municipality
Karnali,Dolpa District,Shey Phoksundo Rural Municipality
Karnali,Dolpa District,Dolpo Buddha Rural Municipality
Karnali,Humla District,Tanjakot Rural Municipality
Karnali,Humla District,Adanchuli Rural Municipality
Karnali,Humla District,Sarkegad Rural Municipality
Karnali,Humla District,Namkha Rural Municipality
Karnali,Humla District,Simkot Rural Municipality
Karnali,Humla District,Kharpunath Rural Municipality
Karnali,Humla District,Chankheli Rural Municipality
Karnali,Jajarkot District,Tribeni Nalagad Municipality
Karnali,Jajarkot District,Bheri Malika Municipality
Karnali,Jajarkot District,Shivalaya Rural Municipality
Karnali,Jajarkot District,Chhedagad Municipality
Karnali,Jajarkot District,Junichande Rural Municipality
Karnali,Jajarkot District,Kuse Rural Municipality
Karnali,Jajarkot District,Barekot Rural Municipality
Karnali,Jumla District,Hima Rural Municipality
Karnali,Jumla District,Tila Rural Municipality
Karnali,Jumla District,Tatopani Rural Municipality
Karnali,Jumla District,Guthichaur Rural Municipality
Karnali,Jumla District,Chandannath Municipality
Karnali,Jumla District,Sinja Rural Municipality
Karnali,Jumla District,Kanaka Sundari Municipality
Karnali,Jumla District,Patarasi Rural Municipality
Karnali,Kalikot District,Mahawai Rural Municipality
Karnali,Kalikot District,Tilagupha Municipality
Karnali,Kalikot District,Khandachakra Municipality
Karnali,Kalikot District,Naraharinath Rural Municipality
Karnali,Kalikot District,Sanni Tribeni Rural Municipality
Karnali,Kalikot District,Raskot Municipality
Karnali,Kalikot District,Pachal Jharana Rural Municipality
Karnali,Kalikot District,Palata Rural Municipality
Karnali,Mugu District,Khatyad Rural Municipality
Karnali,Mugu District,Soru Rural Municipality
Karnali,Mugu District,Chhayanath Rara Municipality
Karnali,Mugu District,Mugumakarmarog Rural Municipality
Karnali,Rukum West District,Chaurjahari Municipality
Karnali,Rukum West District,Musikot Municipality
Karnali,Rukum West District,Banphikot Rural Municipality
Karnali,Rukum West District,Sanibheri Rural Municipality
Karnali,Rukum West District,Aathabisakot Municipality
Karnali,Salyan District,Kapurkot Rural Municipality
Karnali,Salyan District,Tribeni Rural Municipality
Karnali,Salyan District,Kalimati Rural Municipality
Karnali,Salyan District,Sharada Municipality
Karnali,Salyan District,Chhatreshwori Rural Municipality
Karnali,Salyan District,Bagachour Municipality
Karnali,Salyan District,Dhorchaur Rural Municipality
Karnali,Salyan District,Banagad Kupinde Municipality
Karnali,Salyan District,Kumakh Malika Rural Municipality
Karnali,Salyan District,Darma Rural Municipality
Karnali,Surkhet District,Chaukune Rural Municipality
Karnali,Surkhet District,Panchapuri Municipality
Karnali,Surkhet District,Barahatal Rural Municipality
Karnali,Surkhet District,Birendranagar Municipality
Karnali,Surkhet District,Bheriganga Municipality
Karnali,Surkhet District,Gurbhakot Municipality
Karnali,Surkhet District,Lekabeshi Municipality
Karnali,Surkhet District,Simta Rural Municipality
Karnali,Surkhet District,Chingad Rural Municipality
Sudur Pashchim Pradesh,Achham,Turmakhand Rural Municipality
Sudur Pashchim Pradesh,Achham,Dhakari Rural Municipality
Sudur Pashchim Pradesh,Achham,Kamal Bazar Municipality
Sudur Pashchim Pradesh,Achham,Bannigadhi Jayagadh Rural Municipality
Sudur Pashchim Pradesh,Achham,Mangalsen Municipality
Sudur Pashchim Pradesh,Achham,Chaurpati Rural Municipality
Sudur Pashchim Pradesh,Achham,Sanphebagar Municipality
Sudur Pashchim Pradesh,Achham,Mellekh Rural Municipality
Sudur Pashchim Pradesh,Achham,Ramaroshan Rural Municipality
Sudur Pashchim Pradesh,Achham,Panchdebal Binayak Municipality
Sudur Pashchim Pradesh,Baitadi,Sigas Rural Municipality
Sudur Pashchim Pradesh,Baitadi,Patam Municipality
Sudur Pashchim Pradesh,Baitadi,Melauli Municipality
Sudur Pashchim Pradesh,Baitadi,Shivanath Rural Municipality
Sudur Pashchim Pradesh,Baitadi,Pancheshwor Rural Municipality
Sudur Pashchim Pradesh,Baitadi,Dasharathchand Municipality
Sudur Pashchim Pradesh,Baitadi,Surnaya Rural Municipality
Sudur Pashchim Pradesh,Baitadi,Puchaundi Municipality
Sudur Pashchim Pradesh,Baitadi,Dogada Kedar Rural Municipality
Sudur Pashchim Pradesh,Baitadi,Dilasaini Rural Municipality
Sudur Pashchim Pradesh,Bajhang,Khaptad Chhanna Rural Municipality
Sudur Pashchim Pradesh,Bajhang,Thalara Rural Municipality
Sudur Pashchim Pradesh,Bajhang,Bitthadchir Rural Municipality
Sudur Pashchim Pradesh,Bajhang,Kedarsyun Rural Municipality
Sudur Pashchim Pradesh,Bajhang,Durgathali Rural Municipality
Sudur Pashchim Pradesh,Bajhang,Chhabis Pathibhara Rural Municipality
Sudur Pashchim Pradesh,Bajhang,Jayaprithbi Municipality
Sudur Pashchim Pradesh,Bajhang,Masta Rural Municipality
Sudur Pashchim Pradesh,Bajhang,Talkot Rural Municipality
Sudur Pashchim Pradesh,Bajhang,Surma Rural Municipality
Sudur Pashchim Pradesh,Bajhang,Bungal Municipality
Sudur Pashchim Pradesh,Bajhang,Kanda Rural Municipality
Sudur Pashchim Pradesh,Bajura,Tribeni Municipality
Sudur Pashchim Pradesh,Bajura,Budhiganga Municipality
Sudur Pashchim Pradesh,Bajura,Chhededaha Rural Municipality
Sudur Pashchim Pradesh,Bajura,Badimalika Municipality
Sudur Pashchim Pradesh,Bajura,Pandab Gufa Rural Municipality
Sudur Pashchim Pradesh,Bajura,Swami Kartik Rural Municipality
Sudur Pashchim Pradesh,Bajura,Budhinanda Municipality
Sudur Pashchim Pradesh,Bajura,Gaumul Rural Municipality
Sudur Pashchim Pradesh,Bajura,Himali Rural Municipality
Sudur Pashchim Pradesh,Dadeldhura,Ganyapdhura Rural Municipality
Sudur Pashchim Pradesh,Dadeldhura,Aalital Rural Municipality
Sudur Pashchim Pradesh,Dadeldhura,Parashuram Municipality
Sudur Pashchim Pradesh,Dadeldhura,Bhageshwor Rural Municipality
Sudur Pashchim Pradesh,Dadeldhura,Ajayameru Rural Municipality
Sudur Pashchim Pradesh,Dadeldhura,Amargadhi Municipality
Sudur Pashchim Pradesh,Dadeldhura,Nawadurga Rural Municipality
Sudur Pashchim Pradesh,Darchula,Lekam Rural Municipality
Sudur Pashchim Pradesh,Darchula,Malikarjun Rural Municipality
Sudur Pashchim Pradesh,Darchula,Shailyashikhar Municipality
Sudur Pashchim Pradesh,Darchula,Marma Rural Municipality
Sudur Pashchim Pradesh,Darchula,Apihimal Rural Municipality
Sudur Pashchim Pradesh,Darchula,Naugad  Rural Municipality
Sudur Pashchim Pradesh,Darchula,Duhun Rural Municipality
Sudur Pashchim Pradesh,Darchula,Byas Rural Municipality
Sudur Pashchim Pradesh,Doti,Jorayal Rural Municipality
Sudur Pashchim Pradesh,Doti,Badi Kedar Rural Municipality
Sudur Pashchim Pradesh,Doti,Bogatan Rural Municipality
Sudur Pashchim Pradesh,Doti,Dipayal Silgadhi Municipality
Sudur Pashchim Pradesh,Doti,Shikhar Municipality
Sudur Pashchim Pradesh,Doti,Aadarsha Rural Municipality
Sudur Pashchim Pradesh,Doti,Sayal Rural Municipality
Sudur Pashchim Pradesh,Doti,Purbichouki Rural Municipality
Sudur Pashchim Pradesh,Doti,K.I. Singh Rural Municipality
Sudur Pashchim Pradesh,Kailali,Dhangadhi Sub-Metropolitian City
Sudur Pashchim Pradesh,Kailali,Kailari Rural Municipality
Sudur Pashchim Pradesh,Kailali,Bhajani Municipality
Sudur Pashchim Pradesh,Kailali,Tikapur Municipality
Sudur Pashchim Pradesh,Kailali,Joshipur Rural Municipality
Sudur Pashchim Pradesh,Kailali,Janaki Rural Municipality
Sudur Pashchim Pradesh,Kailali,Lamki Chuha Municipality
Sudur Pashchim Pradesh,Kailali,Bardagoriya Rural Municipality
Sudur Pashchim Pradesh,Kailali,Ghodaghodi Municipality
Sudur Pashchim Pradesh,Kailali,Gauriganga Municipality
Sudur Pashchim Pradesh,Kailali,Chure Rural Municipality
Sudur Pashchim Pradesh,Kailali,Mohanyal Rural Municipality
Sudur Pashchim Pradesh,Kanchanpur,Beldandi Rural Municipality
Sudur Pashchim Pradesh,Kanchanpur,Belouri Municipality
Sudur Pashchim Pradesh,Kanchanpur,Punarbas Municipality
Sudur Pashchim Pradesh,Kanchanpur,Laljhadi Rural Municipality
Sudur Pashchim Pradesh,Kanchanpur,Mahakali Municipality
Sudur Pashchim Pradesh,Kanchanpur,Bhimdatta Municipality
Sudur Pashchim Pradesh,Kanchanpur,Bedkot Municipality
Sudur Pashchim Pradesh,Kanchanpur,Shuklaphanta Municipality
Sudur Pashchim Pradesh,Kanchanpur,Krishnapur Municipality
